message_id,user_id,conversation_type,business_id,created_at,message_text,ocr_text,asr_transcript
h0,u1,personal,,2026-07-01T10:00:00Z,random message text 0,,
h1,u1,personal,,2026-07-01T10:00:00Z,random message text 1,,
h2,u1,personal,,2026-07-01T10:00:00Z,random message text 2,,
h3,u1,personal,,2026-07-01T10:00:00Z,random message text 3,,
h4,u1,personal,,2026-07-01T10:00:00Z,random message text 4,,
h5,u1,personal,,2026-07-01T10:00:00Z,random message text 5,,
h6,u1,personal,,2026-07-01T10:00:00Z,random message text 6,,
h7,u1,personal,,2026-07-01T10:00:00Z,random message text 7,,
h8,u1,personal,,2026-07-01T10:00:00Z,random message text 8,,
h9,u1,personal,,2026-07-01T10:00:00Z,random message text 9,,
h10,u1,personal,,2026-07-01T10:00:00Z,random message text 10,,
h11,u1,personal,,2026-07-01T10:00:00Z,random message text 11,,
h12,u1,personal,,2026-07-01T10:00:00Z,random message text 12,,
h13,u1,personal,,2026-07-01T10:00:00Z,random message text 13,,
h14,u1,personal,,2026-07-01T10:00:00Z,random message text 14,,
h15,u1,personal,,2026-07-01T10:00:00Z,random message text 15,,
h16,u1,personal,,2026-07-01T10:00:00Z,random message text 16,,
h17,u1,personal,,2026-07-01T10:00:00Z,random message text 17,,
h18,u1,personal,,2026-07-01T10:00:00Z,random message text 18,,
h19,u1,personal,,2026-07-01T10:00:00Z,random message text 19,,
h20,u1,personal,,2026-07-01T10:00:00Z,random message text 20,,
h21,u1,personal,,2026-07-01T10:00:00Z,random message text 21,,
h22,u1,personal,,2026-07-01T10:00:00Z,random message text 22,,
h23,u1,personal,,2026-07-01T10:00:00Z,random message text 23,,
h24,u1,personal,,2026-07-01T10:00:00Z,random message text 24,,
h25,u1,personal,,2026-07-01T10:00:00Z,random message text 25,,
h26,u1,personal,,2026-07-01T10:00:00Z,random message text 26,,
h27,u1,personal,,2026-07-01T10:00:00Z,random message text 27,,
h28,u1,personal,,2026-07-01T10:00:00Z,random message text 28,,
h29,u1,personal,,2026-07-01T10:00:00Z,random message text 29,,
h30,u1,personal,,2026-07-01T10:00:00Z,random message text 30,,
h31,u1,personal,,2026-07-01T10:00:00Z,random message text 31,,
h32,u1,personal,,2026-07-01T10:00:00Z,random message text 32,,
h33,u1,personal,,2026-07-01T10:00:00Z,random message text 33,,
h34,u1,personal,,2026-07-01T10:00:00Z,random message text 34,,
h35,u1,personal,,2026-07-01T10:00:00Z,random message text 35,,
h36,u1,personal,,2026-07-01T10:00:00Z,random message text 36,,
h37,u1,personal,,2026-07-01T10:00:00Z,random message text 37,,
h38,u1,personal,,2026-07-01T10:00:00Z,random message text 38,,
h39,u1,personal,,2026-07-01T10:00:00Z,random message text 39,,
h40,u1,personal,,2026-07-01T10:00:00Z,random message text 40,,
h41,u1,personal,,2026-07-01T10:00:00Z,random message text 41,,
h42,u1,personal,,2026-07-01T10:00:00Z,random message text 42,,
h43,u1,personal,,2026-07-01T10:00:00Z,random message text 43,,
h44,u1,personal,,2026-07-01T10:00:00Z,random message text 44,,
h45,u1,personal,,2026-07-01T10:00:00Z,random message text 45,,
h46,u1,personal,,2026-07-01T10:00:00Z,random message text 46,,
h47,u1,personal,,2026-07-01T10:00:00Z,random message text 47,,
h48,u1,personal,,2026-07-01T10:00:00Z,random message text 48,,
h49,u1,personal,,2026-07-01T10:00:00Z,random message text 49,,
h50,u1,personal,,2026-07-01T10:00:00Z,random message text 50,,
h51,u1,personal,,2026-07-01T10:00:00Z,random message text 51,,
h52,u1,personal,,2026-07-01T10:00:00Z,random message text 52,,
h53,u1,personal,,2026-07-01T10:00:00Z,random message text 53,,
h54,u1,personal,,2026-07-01T10:00:00Z,random message text 54,,
h55,u1,personal,,2026-07-01T10:00:00Z,random message text 55,,
h56,u1,personal,,2026-07-01T10:00:00Z,random message text 56,,
h57,u1,personal,,2026-07-01T10:00:00Z,random message text 57,,
h58,u1,personal,,2026-07-01T10:00:00Z,random message text 58,,
h59,u1,personal,,2026-07-01T10:00:00Z,random message text 59,,
h60,u1,personal,,2026-07-01T10:00:00Z,random message text 60,,
h61,u1,personal,,2026-07-01T10:00:00Z,random message text 61,,
h62,u1,personal,,2026-07-01T10:00:00Z,random message text 62,,
h63,u1,personal,,2026-07-01T10:00:00Z,random message text 63,,
h64,u1,personal,,2026-07-01T10:00:00Z,random message text 64,,
h65,u1,personal,,2026-07-01T10:00:00Z,random message text 65,,
h66,u1,personal,,2026-07-01T10:00:00Z,random message text 66,,
h67,u1,personal,,2026-07-01T10:00:00Z,random message text 67,,
h68,u1,personal,,2026-07-01T10:00:00Z,random message text 68,,
h69,u1,personal,,2026-07-01T10:00:00Z,random message text 69,,
h70,u1,personal,,2026-07-01T10:00:00Z,random message text 70,,
h71,u1,personal,,2026-07-01T10:00:00Z,random message text 71,,
h72,u1,personal,,2026-07-01T10:00:00Z,random message text 72,,
h73,u1,personal,,2026-07-01T10:00:00Z,random message text 73,,
h74,u1,personal,,2026-07-01T10:00:00Z,random message text 74,,
h75,u1,personal,,2026-07-01T10:00:00Z,random message text 75,,
h76,u1,personal,,2026-07-01T10:00:00Z,random message text 76,,
h77,u1,personal,,2026-07-01T10:00:00Z,random message text 77,,
h78,u1,personal,,2026-07-01T10:00:00Z,random message text 78,,
h79,u1,personal,,2026-07-01T10:00:00Z,random message text 79,,
h80,u1,personal,,2026-07-01T10:00:00Z,random message text 80,,
h81,u1,personal,,2026-07-01T10:00:00Z,random message text 81,,
h82,u1,personal,,2026-07-01T10:00:00Z,random message text 82,,
h83,u1,personal,,2026-07-01T10:00:00Z,random message text 83,,
h84,u1,personal,,2026-07-01T10:00:00Z,random message text 84,,
h85,u1,personal,,2026-07-01T10:00:00Z,random message text 85,,
h86,u1,personal,,2026-07-01T10:00:00Z,random message text 86,,
h87,u1,personal,,2026-07-01T10:00:00Z,random message text 87,,
h88,u1,personal,,2026-07-01T10:00:00Z,random message text 88,,
h89,u1,personal,,2026-07-01T10:00:00Z,random message text 89,,
h90,u1,personal,,2026-07-01T10:00:00Z,random message text 90,,
h91,u1,personal,,2026-07-01T10:00:00Z,random message text 91,,
h92,u1,personal,,2026-07-01T10:00:00Z,random message text 92,,
h93,u1,personal,,2026-07-01T10:00:00Z,random message text 93,,
h94,u1,personal,,2026-07-01T10:00:00Z,random message text 94,,
h95,u1,personal,,2026-07-01T10:00:00Z,random message text 95,,
h96,u1,personal,,2026-07-01T10:00:00Z,random message text 96,,
h97,u1,personal,,2026-07-01T10:00:00Z,random message text 97,,
h98,u1,personal,,2026-07-01T10:00:00Z,random message text 98,,
h99,u1,personal,,2026-07-01T10:00:00Z,random message text 99,,
h100,u1,personal,,2026-07-01T10:00:00Z,random message text 100,,
h101,u1,personal,,2026-07-01T10:00:00Z,random message text 101,,
h102,u1,personal,,2026-07-01T10:00:00Z,random message text 102,,
h103,u1,personal,,2026-07-01T10:00:00Z,random message text 103,,
h104,u1,personal,,2026-07-01T10:00:00Z,random message text 104,,
h105,u1,personal,,2026-07-01T10:00:00Z,random message text 105,,
h106,u1,personal,,2026-07-01T10:00:00Z,random message text 106,,
h107,u1,personal,,2026-07-01T10:00:00Z,random message text 107,,
h108,u1,personal,,2026-07-01T10:00:00Z,random message text 108,,
h109,u1,personal,,2026-07-01T10:00:00Z,random message text 109,,
h110,u1,personal,,2026-07-01T10:00:00Z,random message text 110,,
h111,u1,personal,,2026-07-01T10:00:00Z,random message text 111,,
h112,u1,personal,,2026-07-01T10:00:00Z,random message text 112,,
h113,u1,personal,,2026-07-01T10:00:00Z,random message text 113,,
h114,u1,personal,,2026-07-01T10:00:00Z,random message text 114,,
h115,u1,personal,,2026-07-01T10:00:00Z,random message text 115,,
h116,u1,personal,,2026-07-01T10:00:00Z,random message text 116,,
h117,u1,personal,,2026-07-01T10:00:00Z,random message text 117,,
h118,u1,personal,,2026-07-01T10:00:00Z,random message text 118,,
h119,u1,personal,,2026-07-01T10:00:00Z,random message text 119,,
h120,u1,personal,,2026-07-01T10:00:00Z,random message text 120,,
h121,u1,personal,,2026-07-01T10:00:00Z,random message text 121,,
h122,u1,personal,,2026-07-01T10:00:00Z,random message text 122,,
h123,u1,personal,,2026-07-01T10:00:00Z,random message text 123,,
h124,u1,personal,,2026-07-01T10:00:00Z,random message text 124,,
h125,u1,personal,,2026-07-01T10:00:00Z,random message text 125,,
h126,u1,personal,,2026-07-01T10:00:00Z,random message text 126,,
h127,u1,personal,,2026-07-01T10:00:00Z,random message text 127,,
h128,u1,personal,,2026-07-01T10:00:00Z,random message text 128,,
h129,u1,personal,,2026-07-01T10:00:00Z,random message text 129,,
h130,u1,personal,,2026-07-01T10:00:00Z,random message text 130,,
h131,u1,personal,,2026-07-01T10:00:00Z,random message text 131,,
h132,u1,personal,,2026-07-01T10:00:00Z,random message text 132,,
h133,u1,personal,,2026-07-01T10:00:00Z,random message text 133,,
h134,u1,personal,,2026-07-01T10:00:00Z,random message text 134,,
h135,u1,personal,,2026-07-01T10:00:00Z,random message text 135,,
h136,u1,personal,,2026-07-01T10:00:00Z,random message text 136,,
h137,u1,personal,,2026-07-01T10:00:00Z,random message text 137,,
h138,u1,personal,,2026-07-01T10:00:00Z,random message text 138,,
h139,u1,personal,,2026-07-01T10:00:00Z,random message text 139,,
h140,u1,personal,,2026-07-01T10:00:00Z,random message text 140,,
h141,u1,personal,,2026-07-01T10:00:00Z,random message text 141,,
h142,u1,personal,,2026-07-01T10:00:00Z,random message text 142,,
h143,u1,personal,,2026-07-01T10:00:00Z,random message text 143,,
h144,u1,personal,,2026-07-01T10:00:00Z,random message text 144,,
h145,u1,personal,,2026-07-01T10:00:00Z,random message text 145,,
h146,u1,personal,,2026-07-01T10:00:00Z,random message text 146,,
h147,u1,personal,,2026-07-01T10:00:00Z,random message text 147,,
h148,u1,personal,,2026-07-01T10:00:00Z,random message text 148,,
h149,u1,personal,,2026-07-01T10:00:00Z,random message text 149,,
h150,u1,personal,,2026-07-01T10:00:00Z,random message text 150,,
h151,u1,personal,,2026-07-01T10:00:00Z,random message text 151,,
h152,u1,personal,,2026-07-01T10:00:00Z,random message text 152,,
h153,u1,personal,,2026-07-01T10:00:00Z,random message text 153,,
h154,u1,personal,,2026-07-01T10:00:00Z,random message text 154,,
h155,u1,personal,,2026-07-01T10:00:00Z,random message text 155,,
h156,u1,personal,,2026-07-01T10:00:00Z,random message text 156,,
h157,u1,personal,,2026-07-01T10:00:00Z,random message text 157,,
h158,u1,personal,,2026-07-01T10:00:00Z,random message text 158,,
h159,u1,personal,,2026-07-01T10:00:00Z,random message text 159,,
h160,u1,personal,,2026-07-01T10:00:00Z,random message text 160,,
h161,u1,personal,,2026-07-01T10:00:00Z,random message text 161,,
h162,u1,personal,,2026-07-01T10:00:00Z,random message text 162,,
h163,u1,personal,,2026-07-01T10:00:00Z,random message text 163,,
h164,u1,personal,,2026-07-01T10:00:00Z,random message text 164,,
h165,u1,personal,,2026-07-01T10:00:00Z,random message text 165,,
h166,u1,personal,,2026-07-01T10:00:00Z,random message text 166,,
h167,u1,personal,,2026-07-01T10:00:00Z,random message text 167,,
h168,u1,personal,,2026-07-01T10:00:00Z,random message text 168,,
h169,u1,personal,,2026-07-01T10:00:00Z,random message text 169,,
h170,u1,personal,,2026-07-01T10:00:00Z,random message text 170,,
h171,u1,personal,,2026-07-01T10:00:00Z,random message text 171,,
h172,u1,personal,,2026-07-01T10:00:00Z,random message text 172,,
h173,u1,personal,,2026-07-01T10:00:00Z,random message text 173,,
h174,u1,personal,,2026-07-01T10:00:00Z,random message text 174,,
h175,u1,personal,,2026-07-01T10:00:00Z,random message text 175,,
h176,u1,personal,,2026-07-01T10:00:00Z,random message text 176,,
h177,u1,personal,,2026-07-01T10:00:00Z,random message text 177,,
h178,u1,personal,,2026-07-01T10:00:00Z,random message text 178,,
h179,u1,personal,,2026-07-01T10:00:00Z,random message text 179,,
h180,u1,personal,,2026-07-01T10:00:00Z,random message text 180,,
h181,u1,personal,,2026-07-01T10:00:00Z,random message text 181,,
h182,u1,personal,,2026-07-01T10:00:00Z,random message text 182,,
h183,u1,personal,,2026-07-01T10:00:00Z,random message text 183,,
h184,u1,personal,,2026-07-01T10:00:00Z,random message text 184,,
h185,u1,personal,,2026-07-01T10:00:00Z,random message text 185,,
h186,u1,personal,,2026-07-01T10:00:00Z,random message text 186,,
h187,u1,personal,,2026-07-01T10:00:00Z,random message text 187,,
h188,u1,personal,,2026-07-01T10:00:00Z,random message text 188,,
h189,u1,personal,,2026-07-01T10:00:00Z,random message text 189,,
h190,u1,personal,,2026-07-01T10:00:00Z,random message text 190,,
h191,u1,personal,,2026-07-01T10:00:00Z,random message text 191,,
h192,u1,personal,,2026-07-01T10:00:00Z,random message text 192,,
h193,u1,personal,,2026-07-01T10:00:00Z,random message text 193,,
h194,u1,personal,,2026-07-01T10:00:00Z,random message text 194,,
h195,u1,personal,,2026-07-01T10:00:00Z,random message text 195,,
h196,u1,personal,,2026-07-01T10:00:00Z,random message text 196,,
h197,u1,personal,,2026-07-01T10:00:00Z,random message text 197,,
h198,u1,personal,,2026-07-01T10:00:00Z,random message text 198,,
h199,u1,personal,,2026-07-01T10:00:00Z,random message text 199,,
h200,u1,personal,,2026-07-01T10:00:00Z,random message text 200,,
h201,u1,personal,,2026-07-01T10:00:00Z,random message text 201,,
h202,u1,personal,,2026-07-01T10:00:00Z,random message text 202,,
h203,u1,personal,,2026-07-01T10:00:00Z,random message text 203,,
h204,u1,personal,,2026-07-01T10:00:00Z,random message text 204,,
h205,u1,personal,,2026-07-01T10:00:00Z,random message text 205,,
h206,u1,personal,,2026-07-01T10:00:00Z,random message text 206,,
h207,u1,personal,,2026-07-01T10:00:00Z,random message text 207,,
h208,u1,personal,,2026-07-01T10:00:00Z,random message text 208,,
h209,u1,personal,,2026-07-01T10:00:00Z,random message text 209,,
h210,u1,personal,,2026-07-01T10:00:00Z,random message text 210,,
h211,u1,personal,,2026-07-01T10:00:00Z,random message text 211,,
h212,u1,personal,,2026-07-01T10:00:00Z,random message text 212,,
h213,u1,personal,,2026-07-01T10:00:00Z,random message text 213,,
h214,u1,personal,,2026-07-01T10:00:00Z,random message text 214,,
h215,u1,personal,,2026-07-01T10:00:00Z,random message text 215,,
h216,u1,personal,,2026-07-01T10:00:00Z,random message text 216,,
h217,u1,personal,,2026-07-01T10:00:00Z,random message text 217,,
h218,u1,personal,,2026-07-01T10:00:00Z,random message text 218,,
h219,u1,personal,,2026-07-01T10:00:00Z,random message text 219,,
h220,u1,personal,,2026-07-01T10:00:00Z,random message text 220,,
h221,u1,personal,,2026-07-01T10:00:00Z,random message text 221,,
h222,u1,personal,,2026-07-01T10:00:00Z,random message text 222,,
h223,u1,personal,,2026-07-01T10:00:00Z,random message text 223,,
h224,u1,personal,,2026-07-01T10:00:00Z,random message text 224,,
h225,u1,personal,,2026-07-01T10:00:00Z,random message text 225,,
h226,u1,personal,,2026-07-01T10:00:00Z,random message text 226,,
h227,u1,personal,,2026-07-01T10:00:00Z,random message text 227,,
h228,u1,personal,,2026-07-01T10:00:00Z,random message text 228,,
h229,u1,personal,,2026-07-01T10:00:00Z,random message text 229,,
h230,u1,personal,,2026-07-01T10:00:00Z,random message text 230,,
h231,u1,personal,,2026-07-01T10:00:00Z,random message text 231,,
h232,u1,personal,,2026-07-01T10:00:00Z,random message text 232,,
h233,u1,personal,,2026-07-01T10:00:00Z,random message text 233,,
h234,u1,personal,,2026-07-01T10:00:00Z,random message text 234,,
h235,u1,personal,,2026-07-01T10:00:00Z,random message text 235,,
h236,u1,personal,,2026-07-01T10:00:00Z,random message text 236,,
h237,u1,personal,,2026-07-01T10:00:00Z,random message text 237,,
h238,u1,personal,,2026-07-01T10:00:00Z,random message text 238,,
h239,u1,personal,,2026-07-01T10:00:00Z,random message text 239,,
h240,u1,personal,,2026-07-01T10:00:00Z,random message text 240,,
h241,u1,personal,,2026-07-01T10:00:00Z,random message text 241,,
h242,u1,personal,,2026-07-01T10:00:00Z,random message text 242,,
h243,u1,personal,,2026-07-01T10:00:00Z,random message text 243,,
h244,u1,personal,,2026-07-01T10:00:00Z,random message text 244,,
h245,u1,personal,,2026-07-01T10:00:00Z,random message text 245,,
h246,u1,personal,,2026-07-01T10:00:00Z,random message text 246,,
h247,u1,personal,,2026-07-01T10:00:00Z,random message text 247,,
h248,u1,personal,,2026-07-01T10:00:00Z,random message text 248,,
h249,u1,personal,,2026-07-01T10:00:00Z,random message text 249,,
h250,u1,personal,,2026-07-01T10:00:00Z,random message text 250,,
h251,u1,personal,,2026-07-01T10:00:00Z,random message text 251,,
h252,u1,personal,,2026-07-01T10:00:00Z,random message text 252,,
h253,u1,personal,,2026-07-01T10:00:00Z,random message text 253,,
h254,u1,personal,,2026-07-01T10:00:00Z,random message text 254,,
h255,u1,personal,,2026-07-01T10:00:00Z,random message text 255,,
h256,u1,personal,,2026-07-01T10:00:00Z,random message text 256,,
h257,u1,personal,,2026-07-01T10:00:00Z,random message text 257,,
h258,u1,personal,,2026-07-01T10:00:00Z,random message text 258,,
h259,u1,personal,,2026-07-01T10:00:00Z,random message text 259,,
h260,u1,personal,,2026-07-01T10:00:00Z,random message text 260,,
h261,u1,personal,,2026-07-01T10:00:00Z,random message text 261,,
h262,u1,personal,,2026-07-01T10:00:00Z,random message text 262,,
h263,u1,personal,,2026-07-01T10:00:00Z,random message text 263,,
h264,u1,personal,,2026-07-01T10:00:00Z,random message text 264,,
h265,u1,personal,,2026-07-01T10:00:00Z,random message text 265,,
h266,u1,personal,,2026-07-01T10:00:00Z,random message text 266,,
h267,u1,personal,,2026-07-01T10:00:00Z,random message text 267,,
h268,u1,personal,,2026-07-01T10:00:00Z,random message text 268,,
h269,u1,personal,,2026-07-01T10:00:00Z,random message text 269,,
h270,u1,personal,,2026-07-01T10:00:00Z,random message text 270,,
h271,u1,personal,,2026-07-01T10:00:00Z,random message text 271,,
h272,u1,personal,,2026-07-01T10:00:00Z,random message text 272,,
h273,u1,personal,,2026-07-01T10:00:00Z,random message text 273,,
h274,u1,personal,,2026-07-01T10:00:00Z,random message text 274,,
h275,u1,personal,,2026-07-01T10:00:00Z,random message text 275,,
h276,u1,personal,,2026-07-01T10:00:00Z,random message text 276,,
h277,u1,personal,,2026-07-01T10:00:00Z,random message text 277,,
h278,u1,personal,,2026-07-01T10:00:00Z,random message text 278,,
h279,u1,personal,,2026-07-01T10:00:00Z,random message text 279,,
h280,u1,personal,,2026-07-01T10:00:00Z,random message text 280,,
h281,u1,personal,,2026-07-01T10:00:00Z,random message text 281,,
h282,u1,personal,,2026-07-01T10:00:00Z,random message text 282,,
h283,u1,personal,,2026-07-01T10:00:00Z,random message text 283,,
h284,u1,personal,,2026-07-01T10:00:00Z,random message text 284,,
h285,u1,personal,,2026-07-01T10:00:00Z,random message text 285,,
h286,u1,personal,,2026-07-01T10:00:00Z,random message text 286,,
h287,u1,personal,,2026-07-01T10:00:00Z,random message text 287,,
h288,u1,personal,,2026-07-01T10:00:00Z,random message text 288,,
h289,u1,personal,,2026-07-01T10:00:00Z,random message text 289,,
h290,u1,personal,,2026-07-01T10:00:00Z,random message text 290,,
h291,u1,personal,,2026-07-01T10:00:00Z,random message text 291,,
h292,u1,personal,,2026-07-01T10:00:00Z,random message text 292,,
h293,u1,personal,,2026-07-01T10:00:00Z,random message text 293,,
h294,u1,personal,,2026-07-01T10:00:00Z,random message text 294,,
h295,u1,personal,,2026-07-01T10:00:00Z,random message text 295,,
h296,u1,personal,,2026-07-01T10:00:00Z,random message text 296,,
h297,u1,personal,,2026-07-01T10:00:00Z,random message text 297,,
h298,u1,personal,,2026-07-01T10:00:00Z,random message text 298,,
h299,u1,personal,,2026-07-01T10:00:00Z,random message text 299,,
h300,u1,personal,,2026-07-01T10:00:00Z,random message text 300,,
h301,u1,personal,,2026-07-01T10:00:00Z,random message text 301,,
h302,u1,personal,,2026-07-01T10:00:00Z,random message text 302,,
h303,u1,personal,,2026-07-01T10:00:00Z,random message text 303,,
h304,u1,personal,,2026-07-01T10:00:00Z,random message text 304,,
h305,u1,personal,,2026-07-01T10:00:00Z,random message text 305,,
h306,u1,personal,,2026-07-01T10:00:00Z,random message text 306,,
h307,u1,personal,,2026-07-01T10:00:00Z,random message text 307,,
h308,u1,personal,,2026-07-01T10:00:00Z,random message text 308,,
h309,u1,personal,,2026-07-01T10:00:00Z,random message text 309,,
h310,u1,personal,,2026-07-01T10:00:00Z,random message text 310,,
h311,u1,personal,,2026-07-01T10:00:00Z,random message text 311,,
h312,u1,personal,,2026-07-01T10:00:00Z,random message text 312,,
h313,u1,personal,,2026-07-01T10:00:00Z,random message text 313,,
h314,u1,personal,,2026-07-01T10:00:00Z,random message text 314,,
h315,u1,personal,,2026-07-01T10:00:00Z,random message text 315,,
h316,u1,personal,,2026-07-01T10:00:00Z,random message text 316,,
h317,u1,personal,,2026-07-01T10:00:00Z,random message text 317,,
h318,u1,personal,,2026-07-01T10:00:00Z,random message text 318,,
h319,u1,personal,,2026-07-01T10:00:00Z,random message text 319,,
h320,u1,personal,,2026-07-01T10:00:00Z,random message text 320,,
h321,u1,personal,,2026-07-01T10:00:00Z,random message text 321,,
h322,u1,personal,,2026-07-01T10:00:00Z,random message text 322,,
h323,u1,personal,,2026-07-01T10:00:00Z,random message text 323,,
h324,u1,personal,,2026-07-01T10:00:00Z,random message text 324,,
h325,u1,personal,,2026-07-01T10:00:00Z,random message text 325,,
h326,u1,personal,,2026-07-01T10:00:00Z,random message text 326,,
h327,u1,personal,,2026-07-01T10:00:00Z,random message text 327,,
h328,u1,personal,,2026-07-01T10:00:00Z,random message text 328,,
h329,u1,personal,,2026-07-01T10:00:00Z,random message text 329,,
h330,u1,personal,,2026-07-01T10:00:00Z,random message text 330,,
h331,u1,personal,,2026-07-01T10:00:00Z,random message text 331,,
h332,u1,personal,,2026-07-01T10:00:00Z,random message text 332,,
h333,u1,personal,,2026-07-01T10:00:00Z,random message text 333,,
h334,u1,personal,,2026-07-01T10:00:00Z,random message text 334,,
h335,u1,personal,,2026-07-01T10:00:00Z,random message text 335,,
h336,u1,personal,,2026-07-01T10:00:00Z,random message text 336,,
h337,u1,personal,,2026-07-01T10:00:00Z,random message text 337,,
h338,u1,personal,,2026-07-01T10:00:00Z,random message text 338,,
h339,u1,personal,,2026-07-01T10:00:00Z,random message text 339,,
h340,u1,personal,,2026-07-01T10:00:00Z,random message text 340,,
h341,u1,personal,,2026-07-01T10:00:00Z,random message text 341,,
h342,u1,personal,,2026-07-01T10:00:00Z,random message text 342,,
h343,u1,personal,,2026-07-01T10:00:00Z,random message text 343,,
h344,u1,personal,,2026-07-01T10:00:00Z,random message text 344,,
h345,u1,personal,,2026-07-01T10:00:00Z,random message text 345,,
h346,u1,personal,,2026-07-01T10:00:00Z,random message text 346,,
h347,u1,personal,,2026-07-01T10:00:00Z,random message text 347,,
h348,u1,personal,,2026-07-01T10:00:00Z,random message text 348,,
h349,u1,personal,,2026-07-01T10:00:00Z,random message text 349,,
h350,u1,personal,,2026-07-01T10:00:00Z,random message text 350,,
h351,u1,personal,,2026-07-01T10:00:00Z,random message text 351,,
h352,u1,personal,,2026-07-01T10:00:00Z,random message text 352,,
h353,u1,personal,,2026-07-01T10:00:00Z,random message text 353,,
h354,u1,personal,,2026-07-01T10:00:00Z,random message text 354,,
h355,u1,personal,,2026-07-01T10:00:00Z,random message text 355,,
h356,u1,personal,,2026-07-01T10:00:00Z,random message text 356,,
h357,u1,personal,,2026-07-01T10:00:00Z,random message text 357,,
h358,u1,personal,,2026-07-01T10:00:00Z,random message text 358,,
h359,u1,personal,,2026-07-01T10:00:00Z,random message text 359,,
h360,u1,personal,,2026-07-01T10:00:00Z,random message text 360,,
h361,u1,personal,,2026-07-01T10:00:00Z,random message text 361,,
h362,u1,personal,,2026-07-01T10:00:00Z,random message text 362,,
h363,u1,personal,,2026-07-01T10:00:00Z,random message text 363,,
h364,u1,personal,,2026-07-01T10:00:00Z,random message text 364,,
h365,u1,personal,,2026-07-01T10:00:00Z,random message text 365,,
h366,u1,personal,,2026-07-01T10:00:00Z,random message text 366,,
h367,u1,personal,,2026-07-01T10:00:00Z,random message text 367,,
h368,u1,personal,,2026-07-01T10:00:00Z,random message text 368,,
h369,u1,personal,,2026-07-01T10:00:00Z,random message text 369,,
h370,u1,personal,,2026-07-01T10:00:00Z,random message text 370,,
h371,u1,personal,,2026-07-01T10:00:00Z,random message text 371,,
h372,u1,personal,,2026-07-01T10:00:00Z,random message text 372,,
h373,u1,personal,,2026-07-01T10:00:00Z,random message text 373,,
h374,u1,personal,,2026-07-01T10:00:00Z,random message text 374,,
h375,u1,personal,,2026-07-01T10:00:00Z,random message text 375,,
h376,u1,personal,,2026-07-01T10:00:00Z,random message text 376,,
h377,u1,personal,,2026-07-01T10:00:00Z,random message text 377,,
h378,u1,personal,,2026-07-01T10:00:00Z,random message text 378,,
h379,u1,personal,,2026-07-01T10:00:00Z,random message text 379,,
h380,u1,personal,,2026-07-01T10:00:00Z,random message text 380,,
h381,u1,personal,,2026-07-01T10:00:00Z,random message text 381,,
h382,u1,personal,,2026-07-01T10:00:00Z,random message text 382,,
h383,u1,personal,,2026-07-01T10:00:00Z,random message text 383,,
h384,u1,personal,,2026-07-01T10:00:00Z,random message text 384,,
h385,u1,personal,,2026-07-01T10:00:00Z,random message text 385,,
h386,u1,personal,,2026-07-01T10:00:00Z,random message text 386,,
h387,u1,personal,,2026-07-01T10:00:00Z,random message text 387,,
h388,u1,personal,,2026-07-01T10:00:00Z,random message text 388,,
h389,u1,personal,,2026-07-01T10:00:00Z,random message text 389,,
h390,u1,personal,,2026-07-01T10:00:00Z,random message text 390,,
h391,u1,personal,,2026-07-01T10:00:00Z,random message text 391,,
h392,u1,personal,,2026-07-01T10:00:00Z,random message text 392,,
h393,u1,personal,,2026-07-01T10:00:00Z,random message text 393,,
h394,u1,personal,,2026-07-01T10:00:00Z,random message text 394,,
h395,u1,personal,,2026-07-01T10:00:00Z,random message text 395,,
h396,u1,personal,,2026-07-01T10:00:00Z,random message text 396,,
h397,u1,personal,,2026-07-01T10:00:00Z,random message text 397,,
h398,u1,personal,,2026-07-01T10:00:00Z,random message text 398,,
h399,u1,personal,,2026-07-01T10:00:00Z,random message text 399,,
h400,u1,personal,,2026-07-01T10:00:00Z,random message text 400,,
h401,u1,personal,,2026-07-01T10:00:00Z,random message text 401,,
h402,u1,personal,,2026-07-01T10:00:00Z,random message text 402,,
h403,u1,personal,,2026-07-01T10:00:00Z,random message text 403,,
h404,u1,personal,,2026-07-01T10:00:00Z,random message text 404,,
h405,u1,personal,,2026-07-01T10:00:00Z,random message text 405,,
h406,u1,personal,,2026-07-01T10:00:00Z,random message text 406,,
h407,u1,personal,,2026-07-01T10:00:00Z,random message text 407,,
h408,u1,personal,,2026-07-01T10:00:00Z,random message text 408,,
h409,u1,personal,,2026-07-01T10:00:00Z,random message text 409,,
h410,u1,personal,,2026-07-01T10:00:00Z,random message text 410,,
h411,u1,personal,,2026-07-01T10:00:00Z,random message text 411,,
h412,u1,personal,,2026-07-01T10:00:00Z,random message text 412,,
h413,u1,personal,,2026-07-01T10:00:00Z,random message text 413,,
h414,u1,personal,,2026-07-01T10:00:00Z,random message text 414,,
h415,u1,personal,,2026-07-01T10:00:00Z,random message text 415,,
h416,u1,personal,,2026-07-01T10:00:00Z,random message text 416,,
h417,u1,personal,,2026-07-01T10:00:00Z,random message text 417,,
h418,u1,personal,,2026-07-01T10:00:00Z,random message text 418,,
h419,u1,personal,,2026-07-01T10:00:00Z,random message text 419,,
h420,u1,personal,,2026-07-01T10:00:00Z,random message text 420,,
h421,u1,personal,,2026-07-01T10:00:00Z,random message text 421,,
h422,u1,personal,,2026-07-01T10:00:00Z,random message text 422,,
h423,u1,personal,,2026-07-01T10:00:00Z,random message text 423,,
h424,u1,personal,,2026-07-01T10:00:00Z,random message text 424,,
h425,u1,personal,,2026-07-01T10:00:00Z,random message text 425,,
h426,u1,personal,,2026-07-01T10:00:00Z,random message text 426,,
h427,u1,personal,,2026-07-01T10:00:00Z,random message text 427,,
h428,u1,personal,,2026-07-01T10:00:00Z,random message text 428,,
h429,u1,personal,,2026-07-01T10:00:00Z,random message text 429,,
h430,u1,personal,,2026-07-01T10:00:00Z,random message text 430,,
h431,u1,personal,,2026-07-01T10:00:00Z,random message text 431,,
h432,u1,personal,,2026-07-01T10:00:00Z,random message text 432,,
h433,u1,personal,,2026-07-01T10:00:00Z,random message text 433,,
h434,u1,personal,,2026-07-01T10:00:00Z,random message text 434,,
h435,u1,personal,,2026-07-01T10:00:00Z,random message text 435,,
h436,u1,personal,,2026-07-01T10:00:00Z,random message text 436,,
h437,u1,personal,,2026-07-01T10:00:00Z,random message text 437,,
h438,u1,personal,,2026-07-01T10:00:00Z,random message text 438,,
h439,u1,personal,,2026-07-01T10:00:00Z,random message text 439,,
h440,u1,personal,,2026-07-01T10:00:00Z,random message text 440,,
h441,u1,personal,,2026-07-01T10:00:00Z,random message text 441,,
h442,u1,personal,,2026-07-01T10:00:00Z,random message text 442,,
h443,u1,personal,,2026-07-01T10:00:00Z,random message text 443,,
h444,u1,personal,,2026-07-01T10:00:00Z,random message text 444,,
h445,u1,personal,,2026-07-01T10:00:00Z,random message text 445,,
h446,u1,personal,,2026-07-01T10:00:00Z,random message text 446,,
h447,u1,personal,,2026-07-01T10:00:00Z,random message text 447,,
h448,u1,personal,,2026-07-01T10:00:00Z,random message text 448,,
h449,u1,personal,,2026-07-01T10:00:00Z,random message text 449,,
h450,u1,personal,,2026-07-01T10:00:00Z,random message text 450,,
h451,u1,personal,,2026-07-01T10:00:00Z,random message text 451,,
h452,u1,personal,,2026-07-01T10:00:00Z,random message text 452,,
h453,u1,personal,,2026-07-01T10:00:00Z,random message text 453,,
h454,u1,personal,,2026-07-01T10:00:00Z,random message text 454,,
h455,u1,personal,,2026-07-01T10:00:00Z,random message text 455,,
h456,u1,personal,,2026-07-01T10:00:00Z,random message text 456,,
h457,u1,personal,,2026-07-01T10:00:00Z,random message text 457,,
h458,u1,personal,,2026-07-01T10:00:00Z,random message text 458,,
h459,u1,personal,,2026-07-01T10:00:00Z,random message text 459,,
h460,u1,personal,,2026-07-01T10:00:00Z,random message text 460,,
h461,u1,personal,,2026-07-01T10:00:00Z,random message text 461,,
h462,u1,personal,,2026-07-01T10:00:00Z,random message text 462,,
h463,u1,personal,,2026-07-01T10:00:00Z,random message text 463,,
h464,u1,personal,,2026-07-01T10:00:00Z,random message text 464,,
h465,u1,personal,,2026-07-01T10:00:00Z,random message text 465,,
h466,u1,personal,,2026-07-01T10:00:00Z,random message text 466,,
h467,u1,personal,,2026-07-01T10:00:00Z,random message text 467,,
h468,u1,personal,,2026-07-01T10:00:00Z,random message text 468,,
h469,u1,personal,,2026-07-01T10:00:00Z,random message text 469,,
h470,u1,personal,,2026-07-01T10:00:00Z,random message text 470,,
h471,u1,personal,,2026-07-01T10:00:00Z,random message text 471,,
h472,u1,personal,,2026-07-01T10:00:00Z,random message text 472,,
h473,u1,personal,,2026-07-01T10:00:00Z,random message text 473,,
h474,u1,personal,,2026-07-01T10:00:00Z,random message text 474,,
h475,u1,personal,,2026-07-01T10:00:00Z,random message text 475,,
h476,u1,personal,,2026-07-01T10:00:00Z,random message text 476,,
h477,u1,personal,,2026-07-01T10:00:00Z,random message text 477,,
h478,u1,personal,,2026-07-01T10:00:00Z,random message text 478,,
h479,u1,personal,,2026-07-01T10:00:00Z,random message text 479,,
h480,u1,personal,,2026-07-01T10:00:00Z,random message text 480,,
h481,u1,personal,,2026-07-01T10:00:00Z,random message text 481,,
h482,u1,personal,,2026-07-01T10:00:00Z,random message text 482,,
h483,u1,personal,,2026-07-01T10:00:00Z,random message text 483,,
h484,u1,personal,,2026-07-01T10:00:00Z,random message text 484,,
h485,u1,personal,,2026-07-01T10:00:00Z,random message text 485,,
h486,u1,personal,,2026-07-01T10:00:00Z,random message text 486,,
h487,u1,personal,,2026-07-01T10:00:00Z,random message text 487,,
h488,u1,personal,,2026-07-01T10:00:00Z,random message text 488,,
h489,u1,personal,,2026-07-01T10:00:00Z,random message text 489,,
h490,u1,personal,,2026-07-01T10:00:00Z,random message text 490,,
h491,u1,personal,,2026-07-01T10:00:00Z,random message text 491,,
h492,u1,personal,,2026-07-01T10:00:00Z,random message text 492,,
h493,u1,personal,,2026-07-01T10:00:00Z,random message text 493,,
h494,u1,personal,,2026-07-01T10:00:00Z,random message text 494,,
h495,u1,personal,,2026-07-01T10:00:00Z,random message text 495,,
h496,u1,personal,,2026-07-01T10:00:00Z,random message text 496,,
h497,u1,personal,,2026-07-01T10:00:00Z,random message text 497,,
h498,u1,personal,,2026-07-01T10:00:00Z,random message text 498,,
h499,u1,personal,,2026-07-01T10:00:00Z,random message text 499,,
h500,u1,personal,,2026-07-01T10:00:00Z,random message text 500,,
h501,u1,personal,,2026-07-01T10:00:00Z,random message text 501,,
h502,u1,personal,,2026-07-01T10:00:00Z,random message text 502,,
h503,u1,personal,,2026-07-01T10:00:00Z,random message text 503,,
h504,u1,personal,,2026-07-01T10:00:00Z,random message text 504,,
h505,u1,personal,,2026-07-01T10:00:00Z,random message text 505,,
h506,u1,personal,,2026-07-01T10:00:00Z,random message text 506,,
h507,u1,personal,,2026-07-01T10:00:00Z,random message text 507,,
h508,u1,personal,,2026-07-01T10:00:00Z,random message text 508,,
h509,u1,personal,,2026-07-01T10:00:00Z,random message text 509,,
h510,u1,personal,,2026-07-01T10:00:00Z,random message text 510,,
h511,u1,personal,,2026-07-01T10:00:00Z,random message text 511,,
h512,u1,personal,,2026-07-01T10:00:00Z,random message text 512,,
h513,u1,personal,,2026-07-01T10:00:00Z,random message text 513,,
h514,u1,personal,,2026-07-01T10:00:00Z,random message text 514,,
h515,u1,personal,,2026-07-01T10:00:00Z,random message text 515,,
h516,u1,personal,,2026-07-01T10:00:00Z,random message text 516,,
h517,u1,personal,,2026-07-01T10:00:00Z,random message text 517,,
h518,u1,personal,,2026-07-01T10:00:00Z,random message text 518,,
h519,u1,personal,,2026-07-01T10:00:00Z,random message text 519,,
h520,u1,personal,,2026-07-01T10:00:00Z,random message text 520,,
h521,u1,personal,,2026-07-01T10:00:00Z,random message text 521,,
h522,u1,personal,,2026-07-01T10:00:00Z,random message text 522,,
h523,u1,personal,,2026-07-01T10:00:00Z,random message text 523,,
h524,u1,personal,,2026-07-01T10:00:00Z,random message text 524,,
h525,u1,personal,,2026-07-01T10:00:00Z,random message text 525,,
h526,u1,personal,,2026-07-01T10:00:00Z,random message text 526,,
h527,u1,personal,,2026-07-01T10:00:00Z,random message text 527,,
h528,u1,personal,,2026-07-01T10:00:00Z,random message text 528,,
h529,u1,personal,,2026-07-01T10:00:00Z,random message text 529,,
h530,u1,personal,,2026-07-01T10:00:00Z,random message text 530,,
h531,u1,personal,,2026-07-01T10:00:00Z,random message text 531,,
h532,u1,personal,,2026-07-01T10:00:00Z,random message text 532,,
h533,u1,personal,,2026-07-01T10:00:00Z,random message text 533,,
h534,u1,personal,,2026-07-01T10:00:00Z,random message text 534,,
h535,u1,personal,,2026-07-01T10:00:00Z,random message text 535,,
h536,u1,personal,,2026-07-01T10:00:00Z,random message text 536,,
h537,u1,personal,,2026-07-01T10:00:00Z,random message text 537,,
h538,u1,personal,,2026-07-01T10:00:00Z,random message text 538,,
h539,u1,personal,,2026-07-01T10:00:00Z,random message text 539,,
h540,u1,personal,,2026-07-01T10:00:00Z,random message text 540,,
h541,u1,personal,,2026-07-01T10:00:00Z,random message text 541,,
h542,u1,personal,,2026-07-01T10:00:00Z,random message text 542,,
h543,u1,personal,,2026-07-01T10:00:00Z,random message text 543,,
h544,u1,personal,,2026-07-01T10:00:00Z,random message text 544,,
h545,u1,personal,,2026-07-01T10:00:00Z,random message text 545,,
h546,u1,personal,,2026-07-01T10:00:00Z,random message text 546,,
h547,u1,personal,,2026-07-01T10:00:00Z,random message text 547,,
h548,u1,personal,,2026-07-01T10:00:00Z,random message text 548,,
h549,u1,personal,,2026-07-01T10:00:00Z,random message text 549,,
h550,u1,personal,,2026-07-01T10:00:00Z,random message text 550,,
h551,u1,personal,,2026-07-01T10:00:00Z,random message text 551,,
h552,u1,personal,,2026-07-01T10:00:00Z,random message text 552,,
h553,u1,personal,,2026-07-01T10:00:00Z,random message text 553,,
h554,u1,personal,,2026-07-01T10:00:00Z,random message text 554,,
h555,u1,personal,,2026-07-01T10:00:00Z,random message text 555,,
h556,u1,personal,,2026-07-01T10:00:00Z,random message text 556,,
h557,u1,personal,,2026-07-01T10:00:00Z,random message text 557,,
h558,u1,personal,,2026-07-01T10:00:00Z,random message text 558,,
h559,u1,personal,,2026-07-01T10:00:00Z,random message text 559,,
h560,u1,personal,,2026-07-01T10:00:00Z,random message text 560,,
h561,u1,personal,,2026-07-01T10:00:00Z,random message text 561,,
h562,u1,personal,,2026-07-01T10:00:00Z,random message text 562,,
h563,u1,personal,,2026-07-01T10:00:00Z,random message text 563,,
h564,u1,personal,,2026-07-01T10:00:00Z,random message text 564,,
h565,u1,personal,,2026-07-01T10:00:00Z,random message text 565,,
h566,u1,personal,,2026-07-01T10:00:00Z,random message text 566,,
h567,u1,personal,,2026-07-01T10:00:00Z,random message text 567,,
h568,u1,personal,,2026-07-01T10:00:00Z,random message text 568,,
h569,u1,personal,,2026-07-01T10:00:00Z,random message text 569,,
h570,u1,personal,,2026-07-01T10:00:00Z,random message text 570,,
h571,u1,personal,,2026-07-01T10:00:00Z,random message text 571,,
h572,u1,personal,,2026-07-01T10:00:00Z,random message text 572,,
h573,u1,personal,,2026-07-01T10:00:00Z,random message text 573,,
h574,u1,personal,,2026-07-01T10:00:00Z,random message text 574,,
h575,u1,personal,,2026-07-01T10:00:00Z,random message text 575,,
h576,u1,personal,,2026-07-01T10:00:00Z,random message text 576,,
h577,u1,personal,,2026-07-01T10:00:00Z,random message text 577,,
h578,u1,personal,,2026-07-01T10:00:00Z,random message text 578,,
h579,u1,personal,,2026-07-01T10:00:00Z,random message text 579,,
h580,u1,personal,,2026-07-01T10:00:00Z,random message text 580,,
h581,u1,personal,,2026-07-01T10:00:00Z,random message text 581,,
h582,u1,personal,,2026-07-01T10:00:00Z,random message text 582,,
h583,u1,personal,,2026-07-01T10:00:00Z,random message text 583,,
h584,u1,personal,,2026-07-01T10:00:00Z,random message text 584,,
h585,u1,personal,,2026-07-01T10:00:00Z,random message text 585,,
h586,u1,personal,,2026-07-01T10:00:00Z,random message text 586,,
h587,u1,personal,,2026-07-01T10:00:00Z,random message text 587,,
h588,u1,personal,,2026-07-01T10:00:00Z,random message text 588,,
h589,u1,personal,,2026-07-01T10:00:00Z,random message text 589,,
h590,u1,personal,,2026-07-01T10:00:00Z,random message text 590,,
h591,u1,personal,,2026-07-01T10:00:00Z,random message text 591,,
h592,u1,personal,,2026-07-01T10:00:00Z,random message text 592,,
h593,u1,personal,,2026-07-01T10:00:00Z,random message text 593,,
h594,u1,personal,,2026-07-01T10:00:00Z,random message text 594,,
h595,u1,personal,,2026-07-01T10:00:00Z,random message text 595,,
h596,u1,personal,,2026-07-01T10:00:00Z,random message text 596,,
h597,u1,personal,,2026-07-01T10:00:00Z,random message text 597,,
h598,u1,personal,,2026-07-01T10:00:00Z,random message text 598,,
h599,u1,personal,,2026-07-01T10:00:00Z,random message text 599,,
h600,u1,personal,,2026-07-01T10:00:00Z,random message text 600,,
h601,u1,personal,,2026-07-01T10:00:00Z,random message text 601,,
h602,u1,personal,,2026-07-01T10:00:00Z,random message text 602,,
h603,u1,personal,,2026-07-01T10:00:00Z,random message text 603,,
h604,u1,personal,,2026-07-01T10:00:00Z,random message text 604,,
h605,u1,personal,,2026-07-01T10:00:00Z,random message text 605,,
h606,u1,personal,,2026-07-01T10:00:00Z,random message text 606,,
h607,u1,personal,,2026-07-01T10:00:00Z,random message text 607,,
h608,u1,personal,,2026-07-01T10:00:00Z,random message text 608,,
h609,u1,personal,,2026-07-01T10:00:00Z,random message text 609,,
h610,u1,personal,,2026-07-01T10:00:00Z,random message text 610,,
h611,u1,personal,,2026-07-01T10:00:00Z,random message text 611,,
h612,u1,personal,,2026-07-01T10:00:00Z,random message text 612,,
h613,u1,personal,,2026-07-01T10:00:00Z,random message text 613,,
h614,u1,personal,,2026-07-01T10:00:00Z,random message text 614,,
h615,u1,personal,,2026-07-01T10:00:00Z,random message text 615,,
h616,u1,personal,,2026-07-01T10:00:00Z,random message text 616,,
h617,u1,personal,,2026-07-01T10:00:00Z,random message text 617,,
h618,u1,personal,,2026-07-01T10:00:00Z,random message text 618,,
h619,u1,personal,,2026-07-01T10:00:00Z,random message text 619,,
h620,u1,personal,,2026-07-01T10:00:00Z,random message text 620,,
h621,u1,personal,,2026-07-01T10:00:00Z,random message text 621,,
h622,u1,personal,,2026-07-01T10:00:00Z,random message text 622,,
h623,u1,personal,,2026-07-01T10:00:00Z,random message text 623,,
h624,u1,personal,,2026-07-01T10:00:00Z,random message text 624,,
h625,u1,personal,,2026-07-01T10:00:00Z,random message text 625,,
h626,u1,personal,,2026-07-01T10:00:00Z,random message text 626,,
h627,u1,personal,,2026-07-01T10:00:00Z,random message text 627,,
h628,u1,personal,,2026-07-01T10:00:00Z,random message text 628,,
h629,u1,personal,,2026-07-01T10:00:00Z,random message text 629,,
h630,u1,personal,,2026-07-01T10:00:00Z,random message text 630,,
h631,u1,personal,,2026-07-01T10:00:00Z,random message text 631,,
h632,u1,personal,,2026-07-01T10:00:00Z,random message text 632,,
h633,u1,personal,,2026-07-01T10:00:00Z,random message text 633,,
h634,u1,personal,,2026-07-01T10:00:00Z,random message text 634,,
h635,u1,personal,,2026-07-01T10:00:00Z,random message text 635,,
h636,u1,personal,,2026-07-01T10:00:00Z,random message text 636,,
h637,u1,personal,,2026-07-01T10:00:00Z,random message text 637,,
h638,u1,personal,,2026-07-01T10:00:00Z,random message text 638,,
h639,u1,personal,,2026-07-01T10:00:00Z,random message text 639,,
h640,u1,personal,,2026-07-01T10:00:00Z,random message text 640,,
h641,u1,personal,,2026-07-01T10:00:00Z,random message text 641,,
h642,u1,personal,,2026-07-01T10:00:00Z,random message text 642,,
h643,u1,personal,,2026-07-01T10:00:00Z,random message text 643,,
h644,u1,personal,,2026-07-01T10:00:00Z,random message text 644,,
h645,u1,personal,,2026-07-01T10:00:00Z,random message text 645,,
h646,u1,personal,,2026-07-01T10:00:00Z,random message text 646,,
h647,u1,personal,,2026-07-01T10:00:00Z,random message text 647,,
h648,u1,personal,,2026-07-01T10:00:00Z,random message text 648,,
h649,u1,personal,,2026-07-01T10:00:00Z,random message text 649,,
h650,u1,personal,,2026-07-01T10:00:00Z,random message text 650,,
h651,u1,personal,,2026-07-01T10:00:00Z,random message text 651,,
h652,u1,personal,,2026-07-01T10:00:00Z,random message text 652,,
h653,u1,personal,,2026-07-01T10:00:00Z,random message text 653,,
h654,u1,personal,,2026-07-01T10:00:00Z,random message text 654,,
h655,u1,personal,,2026-07-01T10:00:00Z,random message text 655,,
h656,u1,personal,,2026-07-01T10:00:00Z,random message text 656,,
h657,u1,personal,,2026-07-01T10:00:00Z,random message text 657,,
h658,u1,personal,,2026-07-01T10:00:00Z,random message text 658,,
h659,u1,personal,,2026-07-01T10:00:00Z,random message text 659,,
h660,u1,personal,,2026-07-01T10:00:00Z,random message text 660,,
h661,u1,personal,,2026-07-01T10:00:00Z,random message text 661,,
h662,u1,personal,,2026-07-01T10:00:00Z,random message text 662,,
h663,u1,personal,,2026-07-01T10:00:00Z,random message text 663,,
h664,u1,personal,,2026-07-01T10:00:00Z,random message text 664,,
h665,u1,personal,,2026-07-01T10:00:00Z,random message text 665,,
h666,u1,personal,,2026-07-01T10:00:00Z,random message text 666,,
h667,u1,personal,,2026-07-01T10:00:00Z,random message text 667,,
h668,u1,personal,,2026-07-01T10:00:00Z,random message text 668,,
h669,u1,personal,,2026-07-01T10:00:00Z,random message text 669,,
h670,u1,personal,,2026-07-01T10:00:00Z,random message text 670,,
h671,u1,personal,,2026-07-01T10:00:00Z,random message text 671,,
h672,u1,personal,,2026-07-01T10:00:00Z,random message text 672,,
h673,u1,personal,,2026-07-01T10:00:00Z,random message text 673,,
h674,u1,personal,,2026-07-01T10:00:00Z,random message text 674,,
h675,u1,personal,,2026-07-01T10:00:00Z,random message text 675,,
h676,u1,personal,,2026-07-01T10:00:00Z,random message text 676,,
h677,u1,personal,,2026-07-01T10:00:00Z,random message text 677,,
h678,u1,personal,,2026-07-01T10:00:00Z,random message text 678,,
h679,u1,personal,,2026-07-01T10:00:00Z,random message text 679,,
h680,u1,personal,,2026-07-01T10:00:00Z,random message text 680,,
h681,u1,personal,,2026-07-01T10:00:00Z,random message text 681,,
h682,u1,personal,,2026-07-01T10:00:00Z,random message text 682,,
h683,u1,personal,,2026-07-01T10:00:00Z,random message text 683,,
h684,u1,personal,,2026-07-01T10:00:00Z,random message text 684,,
h685,u1,personal,,2026-07-01T10:00:00Z,random message text 685,,
h686,u1,personal,,2026-07-01T10:00:00Z,random message text 686,,
h687,u1,personal,,2026-07-01T10:00:00Z,random message text 687,,
h688,u1,personal,,2026-07-01T10:00:00Z,random message text 688,,
h689,u1,personal,,2026-07-01T10:00:00Z,random message text 689,,
h690,u1,personal,,2026-07-01T10:00:00Z,random message text 690,,
h691,u1,personal,,2026-07-01T10:00:00Z,random message text 691,,
h692,u1,personal,,2026-07-01T10:00:00Z,random message text 692,,
h693,u1,personal,,2026-07-01T10:00:00Z,random message text 693,,
h694,u1,personal,,2026-07-01T10:00:00Z,random message text 694,,
h695,u1,personal,,2026-07-01T10:00:00Z,random message text 695,,
h696,u1,personal,,2026-07-01T10:00:00Z,random message text 696,,
h697,u1,personal,,2026-07-01T10:00:00Z,random message text 697,,
h698,u1,personal,,2026-07-01T10:00:00Z,random message text 698,,
h699,u1,personal,,2026-07-01T10:00:00Z,random message text 699,,
h700,u1,personal,,2026-07-01T10:00:00Z,random message text 700,,
h701,u1,personal,,2026-07-01T10:00:00Z,random message text 701,,
h702,u1,personal,,2026-07-01T10:00:00Z,random message text 702,,
h703,u1,personal,,2026-07-01T10:00:00Z,random message text 703,,
h704,u1,personal,,2026-07-01T10:00:00Z,random message text 704,,
h705,u1,personal,,2026-07-01T10:00:00Z,random message text 705,,
h706,u1,personal,,2026-07-01T10:00:00Z,random message text 706,,
h707,u1,personal,,2026-07-01T10:00:00Z,random message text 707,,
h708,u1,personal,,2026-07-01T10:00:00Z,random message text 708,,
h709,u1,personal,,2026-07-01T10:00:00Z,random message text 709,,
h710,u1,personal,,2026-07-01T10:00:00Z,random message text 710,,
h711,u1,personal,,2026-07-01T10:00:00Z,random message text 711,,
h712,u1,personal,,2026-07-01T10:00:00Z,random message text 712,,
h713,u1,personal,,2026-07-01T10:00:00Z,random message text 713,,
h714,u1,personal,,2026-07-01T10:00:00Z,random message text 714,,
h715,u1,personal,,2026-07-01T10:00:00Z,random message text 715,,
h716,u1,personal,,2026-07-01T10:00:00Z,random message text 716,,
h717,u1,personal,,2026-07-01T10:00:00Z,random message text 717,,
h718,u1,personal,,2026-07-01T10:00:00Z,random message text 718,,
h719,u1,personal,,2026-07-01T10:00:00Z,random message text 719,,
h720,u1,personal,,2026-07-01T10:00:00Z,random message text 720,,
h721,u1,personal,,2026-07-01T10:00:00Z,random message text 721,,
h722,u1,personal,,2026-07-01T10:00:00Z,random message text 722,,
h723,u1,personal,,2026-07-01T10:00:00Z,random message text 723,,
h724,u1,personal,,2026-07-01T10:00:00Z,random message text 724,,
h725,u1,personal,,2026-07-01T10:00:00Z,random message text 725,,
h726,u1,personal,,2026-07-01T10:00:00Z,random message text 726,,
h727,u1,personal,,2026-07-01T10:00:00Z,random message text 727,,
h728,u1,personal,,2026-07-01T10:00:00Z,random message text 728,,
h729,u1,personal,,2026-07-01T10:00:00Z,random message text 729,,
h730,u1,personal,,2026-07-01T10:00:00Z,random message text 730,,
h731,u1,personal,,2026-07-01T10:00:00Z,random message text 731,,
h732,u1,personal,,2026-07-01T10:00:00Z,random message text 732,,
h733,u1,personal,,2026-07-01T10:00:00Z,random message text 733,,
h734,u1,personal,,2026-07-01T10:00:00Z,random message text 734,,
h735,u1,personal,,2026-07-01T10:00:00Z,random message text 735,,
h736,u1,personal,,2026-07-01T10:00:00Z,random message text 736,,
h737,u1,personal,,2026-07-01T10:00:00Z,random message text 737,,
h738,u1,personal,,2026-07-01T10:00:00Z,random message text 738,,
h739,u1,personal,,2026-07-01T10:00:00Z,random message text 739,,
h740,u1,personal,,2026-07-01T10:00:00Z,random message text 740,,
h741,u1,personal,,2026-07-01T10:00:00Z,random message text 741,,
h742,u1,personal,,2026-07-01T10:00:00Z,random message text 742,,
h743,u1,personal,,2026-07-01T10:00:00Z,random message text 743,,
h744,u1,personal,,2026-07-01T10:00:00Z,random message text 744,,
h745,u1,personal,,2026-07-01T10:00:00Z,random message text 745,,
h746,u1,personal,,2026-07-01T10:00:00Z,random message text 746,,
h747,u1,personal,,2026-07-01T10:00:00Z,random message text 747,,
h748,u1,personal,,2026-07-01T10:00:00Z,random message text 748,,
h749,u1,personal,,2026-07-01T10:00:00Z,random message text 749,,
h750,u1,personal,,2026-07-01T10:00:00Z,random message text 750,,
h751,u1,personal,,2026-07-01T10:00:00Z,random message text 751,,
h752,u1,personal,,2026-07-01T10:00:00Z,random message text 752,,
h753,u1,personal,,2026-07-01T10:00:00Z,random message text 753,,
h754,u1,personal,,2026-07-01T10:00:00Z,random message text 754,,
h755,u1,personal,,2026-07-01T10:00:00Z,random message text 755,,
h756,u1,personal,,2026-07-01T10:00:00Z,random message text 756,,
h757,u1,personal,,2026-07-01T10:00:00Z,random message text 757,,
h758,u1,personal,,2026-07-01T10:00:00Z,random message text 758,,
h759,u1,personal,,2026-07-01T10:00:00Z,random message text 759,,
h760,u1,personal,,2026-07-01T10:00:00Z,random message text 760,,
h761,u1,personal,,2026-07-01T10:00:00Z,random message text 761,,
h762,u1,personal,,2026-07-01T10:00:00Z,random message text 762,,
h763,u1,personal,,2026-07-01T10:00:00Z,random message text 763,,
h764,u1,personal,,2026-07-01T10:00:00Z,random message text 764,,
h765,u1,personal,,2026-07-01T10:00:00Z,random message text 765,,
h766,u1,personal,,2026-07-01T10:00:00Z,random message text 766,,
h767,u1,personal,,2026-07-01T10:00:00Z,random message text 767,,
h768,u1,personal,,2026-07-01T10:00:00Z,random message text 768,,
h769,u1,personal,,2026-07-01T10:00:00Z,random message text 769,,
h770,u1,personal,,2026-07-01T10:00:00Z,random message text 770,,
h771,u1,personal,,2026-07-01T10:00:00Z,random message text 771,,
h772,u1,personal,,2026-07-01T10:00:00Z,random message text 772,,
h773,u1,personal,,2026-07-01T10:00:00Z,random message text 773,,
h774,u1,personal,,2026-07-01T10:00:00Z,random message text 774,,
h775,u1,personal,,2026-07-01T10:00:00Z,random message text 775,,
h776,u1,personal,,2026-07-01T10:00:00Z,random message text 776,,
h777,u1,personal,,2026-07-01T10:00:00Z,random message text 777,,
h778,u1,personal,,2026-07-01T10:00:00Z,random message text 778,,
h779,u1,personal,,2026-07-01T10:00:00Z,random message text 779,,
h780,u1,personal,,2026-07-01T10:00:00Z,random message text 780,,
h781,u1,personal,,2026-07-01T10:00:00Z,random message text 781,,
h782,u1,personal,,2026-07-01T10:00:00Z,random message text 782,,
h783,u1,personal,,2026-07-01T10:00:00Z,random message text 783,,
h784,u1,personal,,2026-07-01T10:00:00Z,random message text 784,,
h785,u1,personal,,2026-07-01T10:00:00Z,random message text 785,,
h786,u1,personal,,2026-07-01T10:00:00Z,random message text 786,,
h787,u1,personal,,2026-07-01T10:00:00Z,random message text 787,,
h788,u1,personal,,2026-07-01T10:00:00Z,random message text 788,,
h789,u1,personal,,2026-07-01T10:00:00Z,random message text 789,,
h790,u1,personal,,2026-07-01T10:00:00Z,random message text 790,,
h791,u1,personal,,2026-07-01T10:00:00Z,random message text 791,,
h792,u1,personal,,2026-07-01T10:00:00Z,random message text 792,,
h793,u1,personal,,2026-07-01T10:00:00Z,random message text 793,,
h794,u1,personal,,2026-07-01T10:00:00Z,random message text 794,,
h795,u1,personal,,2026-07-01T10:00:00Z,random message text 795,,
h796,u1,personal,,2026-07-01T10:00:00Z,random message text 796,,
h797,u1,personal,,2026-07-01T10:00:00Z,random message text 797,,
h798,u1,personal,,2026-07-01T10:00:00Z,random message text 798,,
h799,u1,personal,,2026-07-01T10:00:00Z,random message text 799,,
h800,u1,personal,,2026-07-01T10:00:00Z,random message text 800,,
h801,u1,personal,,2026-07-01T10:00:00Z,random message text 801,,
h802,u1,personal,,2026-07-01T10:00:00Z,random message text 802,,
h803,u1,personal,,2026-07-01T10:00:00Z,random message text 803,,
h804,u1,personal,,2026-07-01T10:00:00Z,random message text 804,,
h805,u1,personal,,2026-07-01T10:00:00Z,random message text 805,,
h806,u1,personal,,2026-07-01T10:00:00Z,random message text 806,,
h807,u1,personal,,2026-07-01T10:00:00Z,random message text 807,,
h808,u1,personal,,2026-07-01T10:00:00Z,random message text 808,,
h809,u1,personal,,2026-07-01T10:00:00Z,random message text 809,,
h810,u1,personal,,2026-07-01T10:00:00Z,random message text 810,,
h811,u1,personal,,2026-07-01T10:00:00Z,random message text 811,,
h812,u1,personal,,2026-07-01T10:00:00Z,random message text 812,,
h813,u1,personal,,2026-07-01T10:00:00Z,random message text 813,,
h814,u1,personal,,2026-07-01T10:00:00Z,random message text 814,,
h815,u1,personal,,2026-07-01T10:00:00Z,random message text 815,,
h816,u1,personal,,2026-07-01T10:00:00Z,random message text 816,,
h817,u1,personal,,2026-07-01T10:00:00Z,random message text 817,,
h818,u1,personal,,2026-07-01T10:00:00Z,random message text 818,,
h819,u1,personal,,2026-07-01T10:00:00Z,random message text 819,,
h820,u1,personal,,2026-07-01T10:00:00Z,random message text 820,,
h821,u1,personal,,2026-07-01T10:00:00Z,random message text 821,,
h822,u1,personal,,2026-07-01T10:00:00Z,random message text 822,,
h823,u1,personal,,2026-07-01T10:00:00Z,random message text 823,,
h824,u1,personal,,2026-07-01T10:00:00Z,random message text 824,,
h825,u1,personal,,2026-07-01T10:00:00Z,random message text 825,,
h826,u1,personal,,2026-07-01T10:00:00Z,random message text 826,,
h827,u1,personal,,2026-07-01T10:00:00Z,random message text 827,,
h828,u1,personal,,2026-07-01T10:00:00Z,random message text 828,,
h829,u1,personal,,2026-07-01T10:00:00Z,random message text 829,,
h830,u1,personal,,2026-07-01T10:00:00Z,random message text 830,,
h831,u1,personal,,2026-07-01T10:00:00Z,random message text 831,,
h832,u1,personal,,2026-07-01T10:00:00Z,random message text 832,,
h833,u1,personal,,2026-07-01T10:00:00Z,random message text 833,,
h834,u1,personal,,2026-07-01T10:00:00Z,random message text 834,,
h835,u1,personal,,2026-07-01T10:00:00Z,random message text 835,,
h836,u1,personal,,2026-07-01T10:00:00Z,random message text 836,,
h837,u1,personal,,2026-07-01T10:00:00Z,random message text 837,,
h838,u1,personal,,2026-07-01T10:00:00Z,random message text 838,,
h839,u1,personal,,2026-07-01T10:00:00Z,random message text 839,,
h840,u1,personal,,2026-07-01T10:00:00Z,random message text 840,,
h841,u1,personal,,2026-07-01T10:00:00Z,random message text 841,,
h842,u1,personal,,2026-07-01T10:00:00Z,random message text 842,,
h843,u1,personal,,2026-07-01T10:00:00Z,random message text 843,,
h844,u1,personal,,2026-07-01T10:00:00Z,random message text 844,,
h845,u1,personal,,2026-07-01T10:00:00Z,random message text 845,,
h846,u1,personal,,2026-07-01T10:00:00Z,random message text 846,,
h847,u1,personal,,2026-07-01T10:00:00Z,random message text 847,,
h848,u1,personal,,2026-07-01T10:00:00Z,random message text 848,,
h849,u1,personal,,2026-07-01T10:00:00Z,random message text 849,,
h850,u1,personal,,2026-07-01T10:00:00Z,random message text 850,,
h851,u1,personal,,2026-07-01T10:00:00Z,random message text 851,,
h852,u1,personal,,2026-07-01T10:00:00Z,random message text 852,,
h853,u1,personal,,2026-07-01T10:00:00Z,random message text 853,,
h854,u1,personal,,2026-07-01T10:00:00Z,random message text 854,,
h855,u1,personal,,2026-07-01T10:00:00Z,random message text 855,,
h856,u1,personal,,2026-07-01T10:00:00Z,random message text 856,,
h857,u1,personal,,2026-07-01T10:00:00Z,random message text 857,,
h858,u1,personal,,2026-07-01T10:00:00Z,random message text 858,,
h859,u1,personal,,2026-07-01T10:00:00Z,random message text 859,,
h860,u1,personal,,2026-07-01T10:00:00Z,random message text 860,,
h861,u1,personal,,2026-07-01T10:00:00Z,random message text 861,,
h862,u1,personal,,2026-07-01T10:00:00Z,random message text 862,,
h863,u1,personal,,2026-07-01T10:00:00Z,random message text 863,,
h864,u1,personal,,2026-07-01T10:00:00Z,random message text 864,,
h865,u1,personal,,2026-07-01T10:00:00Z,random message text 865,,
h866,u1,personal,,2026-07-01T10:00:00Z,random message text 866,,
h867,u1,personal,,2026-07-01T10:00:00Z,random message text 867,,
h868,u1,personal,,2026-07-01T10:00:00Z,random message text 868,,
h869,u1,personal,,2026-07-01T10:00:00Z,random message text 869,,
h870,u1,personal,,2026-07-01T10:00:00Z,random message text 870,,
h871,u1,personal,,2026-07-01T10:00:00Z,random message text 871,,
h872,u1,personal,,2026-07-01T10:00:00Z,random message text 872,,
h873,u1,personal,,2026-07-01T10:00:00Z,random message text 873,,
h874,u1,personal,,2026-07-01T10:00:00Z,random message text 874,,
h875,u1,personal,,2026-07-01T10:00:00Z,random message text 875,,
h876,u1,personal,,2026-07-01T10:00:00Z,random message text 876,,
h877,u1,personal,,2026-07-01T10:00:00Z,random message text 877,,
h878,u1,personal,,2026-07-01T10:00:00Z,random message text 878,,
h879,u1,personal,,2026-07-01T10:00:00Z,random message text 879,,
h880,u1,personal,,2026-07-01T10:00:00Z,random message text 880,,
h881,u1,personal,,2026-07-01T10:00:00Z,random message text 881,,
h882,u1,personal,,2026-07-01T10:00:00Z,random message text 882,,
h883,u1,personal,,2026-07-01T10:00:00Z,random message text 883,,
h884,u1,personal,,2026-07-01T10:00:00Z,random message text 884,,
h885,u1,personal,,2026-07-01T10:00:00Z,random message text 885,,
h886,u1,personal,,2026-07-01T10:00:00Z,random message text 886,,
h887,u1,personal,,2026-07-01T10:00:00Z,random message text 887,,
h888,u1,personal,,2026-07-01T10:00:00Z,random message text 888,,
h889,u1,personal,,2026-07-01T10:00:00Z,random message text 889,,
h890,u1,personal,,2026-07-01T10:00:00Z,random message text 890,,
h891,u1,personal,,2026-07-01T10:00:00Z,random message text 891,,
h892,u1,personal,,2026-07-01T10:00:00Z,random message text 892,,
h893,u1,personal,,2026-07-01T10:00:00Z,random message text 893,,
h894,u1,personal,,2026-07-01T10:00:00Z,random message text 894,,
h895,u1,personal,,2026-07-01T10:00:00Z,random message text 895,,
h896,u1,personal,,2026-07-01T10:00:00Z,random message text 896,,
h897,u1,personal,,2026-07-01T10:00:00Z,random message text 897,,
h898,u1,personal,,2026-07-01T10:00:00Z,random message text 898,,
h899,u1,personal,,2026-07-01T10:00:00Z,random message text 899,,
h900,u1,personal,,2026-07-01T10:00:00Z,random message text 900,,
h901,u1,personal,,2026-07-01T10:00:00Z,random message text 901,,
h902,u1,personal,,2026-07-01T10:00:00Z,random message text 902,,
h903,u1,personal,,2026-07-01T10:00:00Z,random message text 903,,
h904,u1,personal,,2026-07-01T10:00:00Z,random message text 904,,
h905,u1,personal,,2026-07-01T10:00:00Z,random message text 905,,
h906,u1,personal,,2026-07-01T10:00:00Z,random message text 906,,
h907,u1,personal,,2026-07-01T10:00:00Z,random message text 907,,
h908,u1,personal,,2026-07-01T10:00:00Z,random message text 908,,
h909,u1,personal,,2026-07-01T10:00:00Z,random message text 909,,
h910,u1,personal,,2026-07-01T10:00:00Z,random message text 910,,
h911,u1,personal,,2026-07-01T10:00:00Z,random message text 911,,
h912,u1,personal,,2026-07-01T10:00:00Z,random message text 912,,
h913,u1,personal,,2026-07-01T10:00:00Z,random message text 913,,
h914,u1,personal,,2026-07-01T10:00:00Z,random message text 914,,
h915,u1,personal,,2026-07-01T10:00:00Z,random message text 915,,
h916,u1,personal,,2026-07-01T10:00:00Z,random message text 916,,
h917,u1,personal,,2026-07-01T10:00:00Z,random message text 917,,
h918,u1,personal,,2026-07-01T10:00:00Z,random message text 918,,
h919,u1,personal,,2026-07-01T10:00:00Z,random message text 919,,
h920,u1,personal,,2026-07-01T10:00:00Z,random message text 920,,
h921,u1,personal,,2026-07-01T10:00:00Z,random message text 921,,
h922,u1,personal,,2026-07-01T10:00:00Z,random message text 922,,
h923,u1,personal,,2026-07-01T10:00:00Z,random message text 923,,
h924,u1,personal,,2026-07-01T10:00:00Z,random message text 924,,
h925,u1,personal,,2026-07-01T10:00:00Z,random message text 925,,
h926,u1,personal,,2026-07-01T10:00:00Z,random message text 926,,
h927,u1,personal,,2026-07-01T10:00:00Z,random message text 927,,
h928,u1,personal,,2026-07-01T10:00:00Z,random message text 928,,
h929,u1,personal,,2026-07-01T10:00:00Z,random message text 929,,
h930,u1,personal,,2026-07-01T10:00:00Z,random message text 930,,
h931,u1,personal,,2026-07-01T10:00:00Z,random message text 931,,
h932,u1,personal,,2026-07-01T10:00:00Z,random message text 932,,
h933,u1,personal,,2026-07-01T10:00:00Z,random message text 933,,
h934,u1,personal,,2026-07-01T10:00:00Z,random message text 934,,
h935,u1,personal,,2026-07-01T10:00:00Z,random message text 935,,
h936,u1,personal,,2026-07-01T10:00:00Z,random message text 936,,
h937,u1,personal,,2026-07-01T10:00:00Z,random message text 937,,
h938,u1,personal,,2026-07-01T10:00:00Z,random message text 938,,
h939,u1,personal,,2026-07-01T10:00:00Z,random message text 939,,
h940,u1,personal,,2026-07-01T10:00:00Z,random message text 940,,
h941,u1,personal,,2026-07-01T10:00:00Z,random message text 941,,
h942,u1,personal,,2026-07-01T10:00:00Z,random message text 942,,
h943,u1,personal,,2026-07-01T10:00:00Z,random message text 943,,
h944,u1,personal,,2026-07-01T10:00:00Z,random message text 944,,
h945,u1,personal,,2026-07-01T10:00:00Z,random message text 945,,
h946,u1,personal,,2026-07-01T10:00:00Z,random message text 946,,
h947,u1,personal,,2026-07-01T10:00:00Z,random message text 947,,
h948,u1,personal,,2026-07-01T10:00:00Z,random message text 948,,
h949,u1,personal,,2026-07-01T10:00:00Z,random message text 949,,
h950,u1,personal,,2026-07-01T10:00:00Z,random message text 950,,
h951,u1,personal,,2026-07-01T10:00:00Z,random message text 951,,
h952,u1,personal,,2026-07-01T10:00:00Z,random message text 952,,
h953,u1,personal,,2026-07-01T10:00:00Z,random message text 953,,
h954,u1,personal,,2026-07-01T10:00:00Z,random message text 954,,
h955,u1,personal,,2026-07-01T10:00:00Z,random message text 955,,
h956,u1,personal,,2026-07-01T10:00:00Z,random message text 956,,
h957,u1,personal,,2026-07-01T10:00:00Z,random message text 957,,
h958,u1,personal,,2026-07-01T10:00:00Z,random message text 958,,
h959,u1,personal,,2026-07-01T10:00:00Z,random message text 959,,
h960,u1,personal,,2026-07-01T10:00:00Z,random message text 960,,
h961,u1,personal,,2026-07-01T10:00:00Z,random message text 961,,
h962,u1,personal,,2026-07-01T10:00:00Z,random message text 962,,
h963,u1,personal,,2026-07-01T10:00:00Z,random message text 963,,
h964,u1,personal,,2026-07-01T10:00:00Z,random message text 964,,
h965,u1,personal,,2026-07-01T10:00:00Z,random message text 965,,
h966,u1,personal,,2026-07-01T10:00:00Z,random message text 966,,
h967,u1,personal,,2026-07-01T10:00:00Z,random message text 967,,
h968,u1,personal,,2026-07-01T10:00:00Z,random message text 968,,
h969,u1,personal,,2026-07-01T10:00:00Z,random message text 969,,
h970,u1,personal,,2026-07-01T10:00:00Z,random message text 970,,
h971,u1,personal,,2026-07-01T10:00:00Z,random message text 971,,
h972,u1,personal,,2026-07-01T10:00:00Z,random message text 972,,
h973,u1,personal,,2026-07-01T10:00:00Z,random message text 973,,
h974,u1,personal,,2026-07-01T10:00:00Z,random message text 974,,
h975,u1,personal,,2026-07-01T10:00:00Z,random message text 975,,
h976,u1,personal,,2026-07-01T10:00:00Z,random message text 976,,
h977,u1,personal,,2026-07-01T10:00:00Z,random message text 977,,
h978,u1,personal,,2026-07-01T10:00:00Z,random message text 978,,
h979,u1,personal,,2026-07-01T10:00:00Z,random message text 979,,
h980,u1,personal,,2026-07-01T10:00:00Z,random message text 980,,
h981,u1,personal,,2026-07-01T10:00:00Z,random message text 981,,
h982,u1,personal,,2026-07-01T10:00:00Z,random message text 982,,
h983,u1,personal,,2026-07-01T10:00:00Z,random message text 983,,
h984,u1,personal,,2026-07-01T10:00:00Z,random message text 984,,
h985,u1,personal,,2026-07-01T10:00:00Z,random message text 985,,
h986,u1,personal,,2026-07-01T10:00:00Z,random message text 986,,
h987,u1,personal,,2026-07-01T10:00:00Z,random message text 987,,
h988,u1,personal,,2026-07-01T10:00:00Z,random message text 988,,
h989,u1,personal,,2026-07-01T10:00:00Z,random message text 989,,
h990,u1,personal,,2026-07-01T10:00:00Z,random message text 990,,
h991,u1,personal,,2026-07-01T10:00:00Z,random message text 991,,
h992,u1,personal,,2026-07-01T10:00:00Z,random message text 992,,
h993,u1,personal,,2026-07-01T10:00:00Z,random message text 993,,
h994,u1,personal,,2026-07-01T10:00:00Z,random message text 994,,
h995,u1,personal,,2026-07-01T10:00:00Z,random message text 995,,
h996,u1,personal,,2026-07-01T10:00:00Z,random message text 996,,
h997,u1,personal,,2026-07-01T10:00:00Z,random message text 997,,
h998,u1,personal,,2026-07-01T10:00:00Z,random message text 998,,
h999,u1,personal,,2026-07-01T10:00:00Z,random message text 999,,
